І╬ќ▒ІТЋф,ЈoІ╬ІТЋф,ІІЌ^ІТЋф,јъінЈWїvІТЋф,іёЉЮЌд,ЈћЊ═ћнЇє,
,2,1,9,,00,
ЂЮ,1,0,0,,04,
ЂЏ,1,0,0,,04,
ЈoІ╬,2,1,9,,00,
SC,2,1,5,,00,
FES,2,1,5,,00,
ия╠─,2,1,5,,00,
їШЈo,2,1,9,1.35,06,
Х╠ф,2,1,5,,00,
ЃїЃW,2,1,7,,00,
јќќ▒,2,1,5,,00,
MT,2,1,5,,00,
їцЈC,2,1,1,,31,
ЅъЅЄ,2,1,1,,34,
ЌLІx,1,1,0,,01,
▒к╩я,1,1,0,,18,
Њ┴Іx,1,1,0,,25,
їЄІ╬,1,0,0,,15,
3Іx,1,1,0,,16,
7Іx,1,1,1,,05,
њIЅх,1,1,0,,10,
љ¤ЌД,1,1,0,,13,
Њ┴їc,1,1,0,,14,
Њ┴њб,1,1,0,,17,
Њ┴Њ],1,1,0,,18,
Њ┴Љ╝,1,1,0,,19,
јqі┼,1,0,0,,26,
ѕуЅЬ,1,0,0,,21,
ЈЮЋa,1,0,0,,22,
ўJЇл,1,0,0,,23,
јYІx,1,0,0,,24,
љХІx,1,1,5,,00,
Й┘╠,2,1,5,,00,
/,,,,,,
0ЋфІxїe,,,,,,
15ЋфІxїe,,,,,,
30ЋфІxїe,,,,,,
45ЋфІxїe,,,,,,
60ЋфІxїe,,,,,,
8јъЂ`,,,,,,
8јъ15ЋфЂ`,,,,,,
8јъ30ЋфЂ`,,,,,,
8јъ45ЋфЂ`,,,,,,
9јъЂ`,,,,,,
9јъ15ЋфЂ`,,,,,,
9јъ30ЋфЂ`,,,,,,
9јъ45ЋфЂ`,,,,,,
10јъЂ`,,,,,,
10јъ15ЋфЂ`,,,,,,
10јъ30ЋфЂ`,,,,,,
10јъ45ЋфЂ`,,,,,,
11јъЂ`,,,,,,
11јъ15ЋфЂ`,,,,,,
11јъ30ЋфЂ`,,,,,,
11јъ45ЋфЂ`,,,,,,
12јъЂ`,,,,,,
12јъ15ЋфЂ`,,,,,,
12јъ30ЋфЂ`,,,,,,
12јъ45ЋфЂ`,,,,,,
13јъЂ`,,,,,,
13јъ15ЋфЂ`,,,,,,
13јъ30ЋфЂ`,,,,,,
13јъ45ЋфЂ`,,,,,,
14јъЂ`,,,,,,
14јъ15ЋфЂ`,,,,,,
14јъ30ЋфЂ`,,,,,,
14јъ45ЋфЂ`,,,,,,
15јъЂ`,,,,,,
15јъ15ЋфЂ`,,,,,,
15јъ30ЋфЂ`,,,,,,
15јъ45ЋфЂ`,,,,,,
16јъЂ`,,,,,,
16јъ15ЋфЂ`,,,,,,
16јъ30ЋфЂ`,,,,,,
16јъ45ЋфЂ`,,,,,,
17јъЂ`,,,,,,
17јъ15ЋфЂ`,,,,,,
17јъ30ЋфЂ`,,,,,,
17јъ45ЋфЂ`,,,,,,
18јъЂ`,,,,,,
18јъ15ЋфЂ`,,,,,,
18јъ30ЋфЂ`,,,,,,
18јъ45ЋфЂ`,,,,,,
19јъЂ`,,,,,,
19јъ15ЋфЂ`,,,,,,
19јъ30ЋфЂ`,,,,,,
19јъ45ЋфЂ`,,,,,,
20јъЂ`,,,,,,
20јъ15ЋфЂ`,,,,,,
20јъ30ЋфЂ`,,,,,,
20јъ45ЋфЂ`,,,,,,
21јъЂ`,,,,,,
21јъ15ЋфЂ`,,,,,,
21јъ30ЋфЂ`,,,,,,
21јъ45ЋфЂ`,,,,,,
22јъЂ`,,,,,,
Ђ`12јъ,,,,,,
Ђ`12јъ15Ћф,,,,,,
Ђ`12јъ30Ћф,,,,,,
Ђ`12јъ45Ћф,,,,,,
Ђ`13јъ,,,,,,
Ђ`13јъ15Ћф,,,,,,
Ђ`13јъ30Ћф,,,,,,
Ђ`13јъ45Ћф,,,,,,
Ђ`14јъ,,,,,,
Ђ`14јъ15Ћф,,,,,,
Ђ`14јъ30Ћф,,,,,,
Ђ`14јъ45Ћф,,,,,,
Ђ`15јъ,,,,,,
Ђ`15јъ15Ћф,,,,,,
Ђ`15јъ30Ћф,,,,,,
Ђ`15јъ45Ћф,,,,,,
Ђ`16јъ,,,,,,
Ђ`16јъ15Ћф,,,,,,
Ђ`16јъ30Ћф,,,,,,
Ђ`16јъ45Ћф,,,,,,
Ђ`17јъ,,,,,,
Ђ`17јъ15Ћф,,,,,,
Ђ`17јъ30Ћф,,,,,,
Ђ`17јъ45Ћф,,,,,,
Ђ`18јъ,,,,,,
Ђ`18јъ15Ћф,,,,,,
Ђ`18јъ30Ћф,,,,,,
Ђ`18јъ45Ћф,,,,,,
Ђ`19јъ,,,,,,
Ђ`19јъ15Ћф,,,,,,
Ђ`19јъ30Ћф,,,,,,
Ђ`19јъ45Ћф,,,,,,
Ђ`20јъ,,,,,,
Ђ`20јъ15Ћф,,,,,,
Ђ`20јъ30Ћф,,,,,,
Ђ`20јъ45Ћф,,,,,,
Ђ`21јъ,,,,,,
Ђ`21јъ15Ћф,,,,,,
Ђ`21јъ30Ћф,,,,,,
Ђ`21јъ45Ћф,,,,,,
Ђ`22јъ,,,,,,
Ђ`22јъ15Ћф,,,,,,
Ђ`22јъ30Ћф,,,,,,
Ђ`22јъ45Ћф,,,,,,
Ђ`23јъ,,,,,,
Ђ`23јъ15Ћф,,,,,,
Ђ`23јъ30Ћф,,,,,,
Ђ`23јъ45Ћф,,,,,,
Ђ`24јъ,,,,,,
Ђ`24јъ15Ћф,,,,,,
Ђ`24јъ30Ћф,,,,,,
Ђ`24јъ45Ћф,,,,,,
